,action
show,246
index,245
personalize,244
search_results,243
ajax_refresh_subtotal,242
similar_listings,241
update,240
search,239
social_connections,238
lookup,237
reviews,236
active,235
create,234
header_userpic,233
dashboard,232
track_page_view,231
collections,230
edit,229
unkown_action,228
campaigns,227
qt2,226
calendar_tab_inner2,225
ajax_check_dates,224
confirm_email,223
unavailabilities,222
requested,221
ask_question,220
listings,219
other_hosting_reviews_first,218
identity,217
show_personalize,216
notifications,215
authenticate,214
ajax_lwlb_contact,213
travel_plans_current,212
edit_verification,210
manage_listing,211
verify,209
similar_listings_v2,208
ajax_photo_widget_form_iframe,207
complete_status,206
ajax_get_referrals_amt,205
cancellation_policies,204
payment_instruments,203
pending,202
click,201
recommended_listings,200
profile_pic,199
recommendations,198
payment_methods,197
kba_update,196
ajax_image_upload,195
my,194
callback,193
settings,192
references,191
apply_reservation,190
new,189
qt_reply_v2,188
connect,187
faq,186
account,185
impressions,184
open_graph_setting,183
ajax_referral_banner_experiment_type,182
kba,181
jumio_token,180
reviews_new,179
populate_from_facebook,178
ajax_referral_banner_type,177
set_user,176
hosting_social_proof,175
request_new_confirm_email,174
phone_number_widget,173
populate_help_dropdown,172
message_to_host_focus,171
faq_category,170
signup_login,169
available,168
handle_vanity_url,167
this_hosting_reviews,166
languages_multiselect,165
delete,164
jumio_redirect,163
tos_confirm,162
at_checkpoint,161
facebook_auto_login,160
message_to_host_change,159
payout_preferences,158
status,157
agree_terms_check,156
uptodate,155
complete_redirect,154
referrer_status,153
signature,152
10,151
push_notification_callback,149
domains,150
login_modal,148
login,147
tell_a_friend,146
coupon_field_focus,145
decision_tree,144
12,143
ajax_statsd,142
recent_reservations,141
apply_coupon_click,140
complete,139
apply_coupon_error,138
faq_experiment_ids,137
apply_coupon_error_type,136
endpoint_error,135
pay,134
transaction_history_paginated,133
host_summary,132
qt_with,131
phone_verification_modal,130
terms,129
signup_modal,128
itinerary,127
create_multiple,126
contact_new,125
popular,124
set_password,123
transaction_history,121
supported,122
update_notifications,120
localization_settings,119
listing,118
read_policy_click,117
cancellation_policy_click,116
pending_tickets,115
change,114
remove_dashboard_alert,113
other_hosting_reviews,112
authorize,111
OTHER,110
add_note,109
15,108
glob,107
ajax_google_translate_description,106
privacy,105
trust,104
ajax_google_translate_reviews,103
ajax_payout_edit,102
ajax_payout_options_by_country,101
phone_verification_number_submitted_for_sms,100
phone_verification_number_sucessfully_submitted,99
signed_out_modal,98
webcam_upload,97
friends,96
coupon_code_click,95
issue,94
my_listings,93
change_currency,92
phone_verification_success,91
ajax_get_results,90
position,89
update_cached,88
friends_new,87
photography,86
overview,85
forgot_password,84
multi,83
upload,82
payout_update,81
11,80
cancel,79
toggle_archived_thread,78
image_order,77
mobile_landing_page,76
email_wishlist,75
review_page,74
recommend,73
spoken_languages,72
patch,71
email_share,70
apply_code,69
ajax_google_translate,68
rate,67
travel_plans_previous,66
guarantee,65
requirements,64
terms_and_conditions,63
relationship,62
about_us,61
salute,60
receipt,59
mobile_oauth_callback,58
submit_contact,57
guest_booked_elsewhere,56
currencies,55
clickthrough,54
jumio,53
airbnb_picks,52
countries,51
top_destinations,50
phone_verification_error,49
toggle_starred_thread,48
ajax_price_and_availability,47
update_hide_from_search_engines,46
phone_verification_number_submitted_for_call,45
email_itinerary_colorbox,44
destroy,43
popular_listing,42
agree_terms_uncheck,41
update_friends_display,40
country_options,39
department,38
why_host,37
become_user,36
p4_refund_policy_terms,35
change_password,34
place_worth,33
check,32
office_location,31
widget,30
add_guests,29
concierge,28
clear_reservation,27
multi_message,26
press_release,25
reputation,24
multi_message_attributes,23
home_safety_landing,22
hospitality_standards,21
phone_verification_phone_number_removed,20
request_photography,19
payoneer_account_redirect,18
ajax_worth,17
founders,16
detect_fb_session,15
how_it_works,14
show_code,13
social,12
hospitality,11
p4_terms,10
invalid_action,9
badge,8
phone_verification_call_taking_too_long,7
unread,6
slideshow,5
host_2013,4
locations,3
departments,2
create_paypal,1
change_availability,0
